ID,SMILES,filename,activation_energy,,pka,dipole,C_Polarization,C_s,B_s,,,,,,,,,,stoichiometry,,homo_energy,lumo_energy,,electronegativity,,,,,,,,,,,,,,,Bond_Length,,,,,,Mulliken_charge_B,,NPA_charge_B,,,,,,,,,,,,,,,,,VBur_C,Mulliken_charge_C,,NPA_charge_C
sub1_A1,CC(B1OC(C)(C)C(C)(C)O1)(C)C2=CC=CC=C2,GRSRGXIHQJVENI-UHFFFAOYSA-N_conf_0.log,17.4,,36.43,1.9421,71.55,25.75,38.99,,,,,,,,,,C15H23BO2,,-0.28448,0.03042,,0.12703,,,,,,,,,,,,,,,1.581581786,,,,,,0.2339,,1.33717,,,,,,,,,,,,,,,,,0.793659534,-0.294407,,-0.46931
sub1_A2,CC(B1OC(C)(C)C(C)(C)O1)C2=CC=CC=C2,VNYHYPMNRXFAAP-LLVKDONJSA-N_conf_0.log,20.2,,35.81,1.5555,70.31,27.55,39.01,,,,,,,,,,C14H21BO2,,-0.28599,0.03057,,0.12771,,,,,,,,,,,,,,,1.575133372,,,,,,0.172453,,1.29772,,,,,,,,,,,,,,,,,0.680144745,-0.079111,,-0.64566
sub1_A3,CCCCC(B1OC(C)(C)C(C)(C)O1)C2=CC=CC=C2,RDFNXOQAYHOWOR-OAHLLOKOSA-N_conf_0.log,17.7,,36.41,1.3504,70.5,27.77,39.2,,,,,,,,,,C17H27BO2,,-0.28316,0.03182,,0.12567,,,,,,,,,,,,,,,1.581936532,,,,,,0.17531,,1.30735,,,,,,,,,,,,,,,,,0.7124764,-0.012293,,-0.64622
sub1_A4,CC(B1OC(C)(C)C(C)(C)O1)C2=CC=C(C(C)(C)C)C=C2,URMKDSVLGDFPIE-ZDUSSCGKSA-N_conf_0.log,21.4,,37.5,1.4094,70.26,27.43,39.1,,,,,,,,,,C18H29BO2,,-0.27568,0.03038,,0.12265,,,,,,,,,,,,,,,1.575111808,,,,,,0.177348,,1.29831,,,,,,,,,,,,,,,,,0.680459408,-0.072782,,-0.64352
sub1_A5,CC(O1)(C)C(C)(C)OB1C(CCC2=CC=CC=C2)C3=CC=CC=C3,MTTJMTKVNSSIRJ-IBGZPJMESA-N_conf_0.log,19,,35.31,1.2638,70.63,27.77,39.02,,,,,,,,,,C21H27BO2,,-0.28731,0.02809,,0.12961,,,,,,,,,,,,,,,1.576307744,,,,,,0.161761,,1.30597,,,,,,,,,,,,,,,,,0.721208307,-0.038663,,-0.6454
sub1_A6,CC(B1OC(C)(C)C(C)(C)O1)C2=CC=C(OC)C=C2,WUZKZXBLMYEIAG-LLVKDONJSA-N_conf_0.log,24.1,,38.66,0.9774,70.35,26.97,38.84,,,,,,,,,,C15H23BO3,,-0.25819,0.03027,,0.11396,,,,,,,,,,,,,,,1.573792851,,,,,,0.166952,,1.29978,,,,,,,,,,,,,,,,,0.681482064,-0.081009,,-0.63923
sub1_A7,CC1(C)C(C)(C)OB(C(CC2=CC=CC=C2)C3=CC=CC=C3)O1,HKYQZMRQHKZQJJ-SFHVURJKSA-N_conf_0.log,18,,35.34,0.723,70.91,28.57,38.85,,,,,,,,,,C20H25BO2,,-0.28403,0.02252,,0.130755,,,,,,,,,,,,,,,1.5776861,,,,,,0.197694,,1.31911,,,,,,,,,,,,,,,,,0.73623348,-0.073835,,-0.64444
sub1_A8,CC1(C)C(C)(C)OB(C(CC2CC2)C3=CC=CC=C3)O1,ZNPLPFCERMBRLA-HNNXBMFYSA-N_conf_0.log,19.2,,36.3,1.3871,70.4,28.79,39.4,,,,,,,,,,C17H25BO2,,-0.28615,0.03156,,0.127295,,,,,,,,,,,,,,,1.580755769,,,,,,0.163246,,1.30477,,,,,,,,,,,,,,,,,0.720736312,-0.010392,,-0.6501
sub1_A9,CC(B1OC(C)(C)C(C)(C)O1)C2=CC=C(C3=CC=CC=C3)C=C2,PXQUBGHKGUBQJJ-HNNXBMFYSA-N_conf_0.log,18.3,,32.04,1.6717,70.32,27.44,38.94,,,,,,,,,,C20H25BO2,,-0.26672,0.00067,,0.133025,,,,,,,,,,,,,,,1.575427468,,,,,,0.172197,,1.29707,,,,,,,,,,,,,,,,,0.680223411,-0.0747,,-0.64459
sub1_A10,CC(CC)(B1OC(C)(C)C(C)(C)O1)C2=CC=CC=C2,NRSAEGKSYWRIAK-MRXNPFEDSA-N_conf_0.log,15.8,,37.25,1.1907,71.84,27.12,39.31,,,,,,,,,,C16H25BO2,,-0.2852,0.0363,,0.12445,,,,,,,,,,,,,,,1.581475059,,,,,,0.18511,,1.34322,,,,,,,,,,,,,,,,,0.827407174,-0.278587,,-0.48334
sub1_A11,CC(CCCCC)(B1OC(C)(C)C(C)(C)O1)C2=CC=CC=C2,WUUNZWTXRJAMOJ-IBGZPJMESA-N_conf_0.log,19.9,,37.28,1.983,71.97,25.64,38.92,,,,,,,,,,C19H31BO2,,-0.284,0.02887,,0.127565,,,,,,,,,,,,,,,1.580929173,,,,,,0.222349,,1.34857,,,,,,,,,,,,,,,,,0.829295154,-0.243477,,-0.46584
sub1_A12,CC(B1OC(C)(C)C(C)(C)O1)(C2=CC=CC=C2)C3=CC=CC=C3,sub1_A12_conf_0.log,11,,29.48,1.2614,72.3,25.84,38.4,,,,,,,,,,C20H25BO2,,-0.27793,0.02125,,0.12834,,,,,,,,,,,,,,,1.585342653,,,,,,0.186273,,1.34747,,,,,,,,,,,,,,,,,0.839128383,-0.184601,,-0.47615
sub1_A13,CC(B1OC(C)(C)C(C)(C)O1)C2=CC=C(C)C=C2,sub1_A13_conf_0.log,21.5,,37.36,0.794,70.23,28.22,39.38,,,,,,,,,,C15H23BO2,,-0.2738,0.03772,,0.11804,,,,,,,,,,,,,,,1.577948193,,,,,,0.169939,,1.28794,,,,,,,,,,,,,,,,,0.68156073,-0.121492,,-0.65477
sub1_A14,CC1(C)C(C)(C)OB(C(CC)C2=CC=CC=C2)O1,sub1_A14_conf_0.log,20.3,,36.44,1.7147,70.6,27.69,39.05,,,,,,,,,,C15H23BO2,,-0.28564,0.03007,,0.127785,,,,,,,,,,,,,,,1.574600011,,,,,,0.169634,,1.30601,,,,,,,,,,,,,,,,,0.721444305,-0.043021,,-0.64982
sub1_A15,CC(B1OC(C)(C)C(C)(C)O1)C2=CC=C(C(F)(F)F)C=C2,sub1_A15_conf_0.log,14.9,,26.98,3.5215,70.34,28.03,39.06,,,,,,,,,,C15H20BF3O2,,-0.30311,0.01221,,0.14545,,,,,,,,,,,,,,,1.579242628,,,,,,0.179774,,1.28758,,,,,,,,,,,,,,,,,0.681718062,-0.118,,-0.65286
sub1_A16,COC(C=C1)=CC=C1C(B2OC(C)(C)C(C)(C)O2)CC,sub1_A16_conf_0.log,24,,39.35,0.9791,70.48,27.73,39.27,,,,,,,,,,C16H25BO3,,-0.25918,0.03033,,0.114425,,,,,,,,,,,,,,,1.575625005,,,,,,0.170638,,1.3062,,,,,,,,,,,,,,,,,0.72057898,-0.056602,,-0.6495
sub1_A17,CC(B1OC(C)(C)C(C)(C)O1)C2=CC=C(OCC3=CC=CC=C3)C=C2,sub1_A17_conf_0.log,22.9,,38.72,2.4686,70.38,27.03,38.83,,,,,,,,,,C21H27BO3,,-0.26268,0.02177,,0.120455,,,,,,,,,,,,,,,1.574726576,,,,,,0.16638,,1.30057,,,,,,,,,,,,,,,,,0.678807426,-0.084352,,-0.64004
sub1_A18,COC1=CC=CC=C1C(B2OC(C)(C)C(C)(C)O2)CC,sub1_A18_conf_0.log,21.5,,37.57,0.9226,70.27,29.22,39.8,,,,,,,,,,C16H25BO3,,-0.26171,0.03839,,0.11166,,,,,,,,,,,,,,,1.57549533,,,,,,0.145092,,1.30555,,,,,,,,,,,,,,,,,0.735525488,0.009496,,-0.67067
sub1_A19,CC(B1OC(C)(C)C(C)(C)O1)C2=CC=C(O[Si](C)(C)C(C)(C)C)C=C2,sub1_A19_conf_0.log,21.1,,39.31,2.2079,70.3,27.51,39,,,,,,,,,,C20H35BO3Si,,-0.26808,0.02827,,0.119905,,,,,,,,,,,,,,,1.574462152,,,,,,0.170826,,1.29725,,,,,,,,,,,,,,,,,0.680223411,-0.07373,,-0.64354
sub1_A20,CC1(C)C(C)(C)OB(C(CC)C2=CC=CC3=C2C=CC=C3)O1,sub1_A20_conf_0.log,18.8,,32.23,1.7403,70.81,27.84,39.12,,,,,,,,,,C19H25BO2,,-0.25596,-0.00773,,0.131845,,,,,,,,,,,,,,,1.576069022,,,,,,0.175374,,1.31127,,,,,,,,,,,,,,,,,0.746381372,-0.059572,,-0.6537
sub1_A21,CC(B1OC(C)(C)C(C)(C)O1)C2=CC=C([Si](C)(C)C)C=C2,sub1_A21_conf_0.log,17,,34.22,1.8927,70.43,26.8,38.74,,,,,,,,,,C17H29BO2Si,,-0.27972,0.02117,,0.129275,,,,,,,,,,,,,,,1.575862232,,,,,,0.167627,,1.30143,,,,,,,,,,,,,,,,,0.680380743,-0.089391,,-0.64136
sub1_A22,CC(B1OC(C)(C)C(C)(C)O1)C2=CC(C)=CC=C2,sub1_A22_conf_0.log,19.9,,36.66,1.5376,70.28,27.49,39.11,,,,,,,,,,C15H23BO2,,-0.28108,0.03158,,0.12475,,,,,,,,,,,,,,,1.575261924,,,,,,0.178652,,1.29957,,,,,,,,,,,,,,,,,0.681796728,-0.07605,,-0.64423
sub1_A23,CCCC(B1OC(C)(C)C(C)(C)O1)C2=CC=CC=C2,sub1_A23_conf_0.log,19.8,,36.29,1.0095,70.69,28.09,39.21,,,,,,,,,,C16H25BO2,,-0.28478,0.03203,,0.126375,,,,,,,,,,,,,,,1.57594334,,,,,,0.160415,,1.31224,,,,,,,,,,,,,,,,,0.748898678,-0.06424,,-0.66172
sub1_A24,CCCCC(B1OC(C)(C)C(C)(C)O1)C2=CC=CC=C2,sub1_A24_conf_0.log,19.9,,36.42,1.8452,70.66,27.62,39.03,,,,,,,,,,C17H27BO2,,-0.28521,0.0299,,0.127655,,,,,,,,,,,,,,,1.57461472,,,,,,0.167323,,1.30744,,,,,,,,,,,,,,,,,0.721129641,-0.015685,,-0.64553
sub1_A25,CC(B1OC(C)(C)C(C)(C)O1)C2=CC(C(F)(F)F)=CC=C2,sub1_A25_conf_0.log,17.4,,31.7,3.3176,70.39,27.51,38.8,,,,,,,,,,C15H20BF3O2,,-0.30391,0.00433,,0.14979,,,,,,,,,,,,,,,1.576947193,,,,,,0.173471,,1.29531,,,,,,,,,,,,,,,,,0.680459408,-0.076702,,-0.64387
sub1_A26,CC1(C)C(C)(C)OB(C([Si](C)(C)C)C2=CC=CC=C2)O1,sub1_A26_conf_0.log,14.56,,31.64,1.4013,71.2,28.57,40.06,,,,,,,,,,C16H27BO2Si,,-0.26968,0.0367,,0.11649,,,,,,,,,,,,,,,1.56037004,,,,,,0.198724,,1.28584,,,,,,,,,,,,,,,,,0.762035872,-0.217302,,-1.11712
sub1_A27,CC(B1OC(C)(C)C(C)(C)O1)C2=CC(OC)=CC=C2,sub1_A27_conf_0.log,20.4,,35.4,0.2831,70.44,26.99,38.79,,,,,,,,,,C15H23BO3,,-0.26716,0.02996,,0.1186,,,,,,,,,,,,,,,1.576532125,,,,,,0.168335,,1.30346,,,,,,,,,,,,,,,,,0.680459408,-0.087752,,-0.64246
sub1_A28,O=P(C)(C)C(B1OC(C)(C)C(C)(C)O1)C2=CC=CC=C2,sub1_A28_conf_0.log,11.44,,25.27,3.1971,71.5,30.13,37.88,,,,,,,,,,C15H24BO3P,,-0.28415,0.02575,,0.1292,,,,,,,,,,,,,,,1.578455923,,,,,,0.200501,,1.29617,,,,,,,,,,,,,,,,,0.759833228,-0.211744,,-1.00214
sub1_A29,CC(B1OC(C)(C)C(C)(C)O1)C2=CC(OCC3=CC=CC=C3)=CC=C2,sub1_A29_conf_0.log,19.6,,35.49,1.6148,70.31,27.51,39.02,,,,,,,,,,C21H27BO3,,-0.2679,0.01913,,0.124385,,,,,,,,,,,,,,,1.57536904,,,,,,0.171533,,1.29827,,,,,,,,,,,,,,,,,0.679358087,-0.080031,,-0.64416
sub1_A30,O=P(OCC)(OCC)C(B1OC(C)(C)C(C)(C)O1)C2=CC=CC=C2,sub1_A30_conf_0.log,7.11,,20.93,2.2704,71.74,30.36,37.72,,,,,,,,,,C17H28BO5P,,-0.28564,0.03015,,0.127745,,,,,,,,,,,,,,,1.583035966,,,,,,0.212775,,1.29455,,,,,,,,,,,,,,,,,0.760147892,-0.237343,,-1.01856
sub1_A31,CC(B1OC(C)(C)C(C)(C)O1)C2=CC(OC)=C(OC)C=C2,sub1_A31_conf_1.log,23.4,,37.65,2.861,70.41,26.78,38.69,,,,,,,,,,C16H25BO4,,-0.25701,0.03294,,0.112035,,,,,,,,,,,,,,,1.575383167,,,,,,0.162366,,1.29988,,,,,,,,,,,,,,,,,0.681324733,-0.080306,,-0.63819
sub1_A32,CC1(C)C(C)(C)OB(C(SC2=CC=CC=C2)C3=CC=CC=C3)O1,sub1_A32_conf_0.log,12.18,,25.18,1.6,71.79,29.41,37.3,,,,,,,,,,C19H23BO2S,,-0.25355,0.01734,,0.118105,,,,,,,,,,,,,,,1.580354078,,,,,,0.236072,,1.30172,,,,,,,,,,,,,,,,,0.744493392,-0.174014,,-0.75721
sub1_A33,CC(B1OC(C)(C)C(C)(C)O1)C2=C(C)C=CC=C2,sub1_A33_conf_0.log,18.1,,39.95,1.4683,70.7,29.39,39.21,,,,,,,,,,C15H23BO2,,-0.27952,0.03725,,0.121135,,,,,,,,,,,,,,,1.575639399,,,,,,0.142476,,1.3014,,,,,,,,,,,,,,,,,0.709880428,-0.132837,,-0.66798
sub1_A34,CC1(C)C(C)(C)OB(C(SCC)C2=CC=CC=C2)O1,sub1_A34_conf_0.log,12.33,,28.07,2.5231,71.02,32.04,38.18,,,,,,,,,,C15H23BO2S,,-0.26548,0.0258,,0.11984,,,,,,,,,,,,,,,1.572933587,,,,,,0.269433,,1.27482,,,,,,,,,,,,,,,,,0.715780365,-0.180188,,-0.72228
sub1_A35,CC(B1OC(C)(C)C(C)(C)O1)C2=C(C)C=C(C)C=C2,sub1_A35_conf_0.log,20.9,,42.15,0.9359,70.5,28.32,39.29,,,,,,,,,,C16H25BO2,,-0.2707,0.0352,,0.11775,,,,,,,,,,,,,,,1.577647982,,,,,,0.183203,,1.29891,,,,,,,,,,,,,,,,,0.708071114,-0.108787,,-0.66019
sub1_A36,CC(B1OC(C)(C)C(C)(C)O1)C2=C(C)C=C(C)C=C2C,sub1_A36_conf_0.log,21.8,,41.95,0.9503,70.48,27.27,39.31,,,,,,,,,,C17H27BO2,,-0.26482,0.03507,,0.114875,,,,,,,,,,,,,,,1.575262799,,,,,,0.190018,,1.30718,,,,,,,,,,,,,,,,,0.740166772,-0.09176,,-0.66057
sub1_A37,CC(B1OC(C)(C)C(C)(C)O1)C2=CC(OCO3)=C3C=C2,sub1_A37_conf_0.log,23,,37.72,1.1238,70.28,28.47,39.36,,,,,,,,,,C15H21BO4,,-0.25141,0.03582,,0.107795,,,,,,,,,,,,,,,1.578140733,,,,,,0.166513,,1.2878,,,,,,,,,,,,,,,,,0.682111391,-0.127092,,-0.65393
sub1_A38,CC(B1OC(C)(C)C(C)(C)O1)C2=CC(CCCC3)=C3C=C2,sub1_A38_conf_0.log,22.1,,38.5,1.3643,70.39,26.92,38.86,,,,,,,,,,C18H27BO2,,-0.27024,0.03378,,0.11823,,,,,,,,,,,,,,,1.574732443,,,,,,0.167897,,1.30209,,,,,,,,,,,,,,,,,0.680459408,-0.086662,,-0.64091
sub1_A39,CC(B1OC(C)(C)C(C)(C)O1)C2=CC(C=CC=C3)=C3C=C2,sub1_A39_conf_0.log,17.6,,31.94,1.4589,70.44,26.87,38.78,,,,,,,,,,C18H23BO2,,-0.25969,-0.00654,,0.133115,,,,,,,,,,,,,,,1.576947019,,,,,,0.169105,,1.30151,,,,,,,,,,,,,,,,,0.680066079,-0.09025,,-0.64092
sub1_A40,CC(B1OC(C)(C)C(C)(C)O1)C2=CC=CC3=C2C=CC=C3,sub1_A40_conf_0.log,15.3,,31.3,1.0662,70.62,28.87,39.28,,,,,,,,,,C18H23BO2,,-0.25807,-0.00814,,0.133105,,,,,,,,,,,,,,,1.576132551,,,,,,0.150617,,1.30497,,,,,,,,,,,,,,,,,0.707913782,-0.097296,,-0.66133
sub1_A41,CC(B1OC(C)(C)C(C)(C)O1)C2=CC(C=CN3S(C4=CC=C(C)C=C4)(=O)=O)=C3C=C2,sub1_A41_conf_0.log,21.1,,36.24,6.1646,70.35,26.72,38.81,,,,,,,,,,C23H28BNO4S,,-0.26993,-0.02147,,0.1457,,,,,,,,,,,,,,,1.576376845,,,,,,0.166647,,1.3029,,,,,,,,,,,,,,,,,0.681639396,-0.090121,,-0.63806
sub1_A42,CC1(C)C(C)(C)OB(CC2=CC=CS2)O1,sub1_A42_conf_0.log,19.21,,32.96,2.4178,69.73,29.54,38.54,,,,,,,,,,C11H17BO2S,,-0.27242,0.02825,,0.122085,,,,,,,,,,,,,,,1.574848113,,,,,,0.136087,,1.26292,,,,,,,,,,,,,,,,,0.553964758,0.054247,,-0.84058
sub1_A43,CC1(C)C(C)(C)OB(C(C2=CC=CS2)C3CCCCC3)O1,sub1_A43_conf_0.log,17.15,,34.61,2.1254,71.24,28.25,38.85,,,,,,,,,,C17H27BO2S,,-0.27088,0.02814,,0.12137,,,,,,,,,,,,,,,1.576072099,,,,,,0.163885,,1.31731,,,,,,,,,,,,,,,,,0.764159849,0.029413,,-0.66525
sub1_A44,CC1(C)C(C)(C)OB(CC2=CC=CO2)O1,sub1_A44_conf_0.log,20.15,,34.24,2.2647,69.63,29.71,38.71,,,,,,,,,,C11H17BO3,,-0.26405,0.063,,0.100525,,,,,,,,,,,,,,,1.577538544,,,,,,0.134326,,1.26148,,,,,,,,,,,,,,,,,0.538152926,0.045845,,-0.86377
sub1_A45,CC1(C)C(C)(C)OB(C(C2=CC=CO2)CC3=CC=CC=C3)O1,sub1_A45_conf_0.log,23.22,,34.24,1.2051,70.95,28.98,38.68,,,,,,,,,,C18H23BO3,,-0.26565,0.02186,,0.121895,,,,,,,,,,,,,,,1.577132002,,,,,,0.141042,,1.31265,,,,,,,,,,,,,,,,,0.714443046,-0.011787,,-0.67797
sub1_A46,CC1(C)C(C)(C)OB(C(C2=CC=CO2)(CCC3=CC=CC=C3)C4CC4)O1,sub1_A46_conf_0.log,12.39,,33.56,0.8232,72.31,25.71,38.67,,,,,,,,,,C22H29BO3,,-0.2649,0.03399,,0.115455,,,,,,,,,,,,,,,1.586625733,,,,,,0.247289,,1.35157,,,,,,,,,,,,,,,,,0.85124292,-0.104046,,-0.50188
sub1_A47,CC(B1OC(C)(C)C(C)(C)O1)C2=CC=CC=N2,sub1_A47_conf_0.log,12.53,,30.73,2.6502,69.94,27.7,39.24,,,,,,,,,,C13H20BNO2,,-0.29811,0.01473,,0.14169,,,,,,,,,,,,,,,1.575868973,,,,,,0.174524,,1.29129,,,,,,,,,,,,,,,,,0.671884833,-0.049067,,-0.66203
sub1_A48,CC1(C)C(C)(C)OB(C(C[Si](C)(C2=CC=CC=C2)C)C3=CC=CC=C3)O1,sub1_A48_conf_0.log,14.5,,35.29,0.3157,71.3,27.1,38.55,,,,,,,,,,C22H31BO2Si,,-0.28353,0.02024,,0.131645,,,,,,,,,,,,,,,1.57774256,,,,,,0.124183,,1.32349,,,,,,,,,,,,,,,,,0.784927627,-0.054374,,-0.65235
sub1_A49,C=CCB1OC(C)(C)C(C)(C)O1,sub1_A49_conf_0.log,19.5,,34.58,1.4182,69.33,29.22,39.18,,,,,,,,,,C9H17BO2,,-0.29832,0.06389,,0.117215,,,,,,,,,,,,,,,1.573488784,,,,,,0.153429,,1.26341,,,,,,,,,,,,,,,,,0.529342354,-0.046157,,-0.85501
sub1_B1,CCCCCCCCB1OC(C)(C)C(C)(C)O1,sub1_B1_conf_0.log,34.9,,52.87,0.9156,69.29,30.19,39.81,,,,,,,,,,C14H29BO2,,-0.33499,0.0759,,0.129545,,,,,,,,,,,,,,,1.568831537,,,,,,0.139928,,1.263,,,,,,,,,,,,,,,,,0.577643172,-0.11228,,-0.84813
sub1_B2,CCCCCCCC(C)B1OC(C)(C)C(C)(C)O1,KBDJYSSVQCXKDV-CYBMUJFWSA-N_conf_0.log,36.08,,57.95,0.9843,69.95,28.3,39.8,,,,,,,,,,C15H31BO2,,-0.3349,0.07183,,0.131535,,,,,,,,,,,,,,,1.573484374,,,,,,0.168605,,1.28917,,,,,,,,,,,,,,,,,0.670154185,-0.146272,,-0.64513
sub1_B3,CC(O1)(C)C(C)(C)OB1C([Si](C)(C)C)CC2=CC=CC=C2,WWNMMCRDJUJVBJ-OAHLLOKOSA-N_conf_0.log,23.21,,44.59,0.9785,71.09,30.74,40.15,,,,,,,,,,C17H29BO2Si,,-0.2896,0.02739,,0.131105,,,,,,,,,,,,,,,1.561328841,,,,,,0.190295,,1.3028,,,,,,,,,,,,,,,,,0.768643801,-0.304144,,-1.1354
sub1_B4,CC(O1)(C)C(C)(C)OB1C([Si](C)(C)C)C2CCCC2,FFOZDBNJTNSDDD-CYBMUJFWSA-N_conf_0.log,28.16,,44.97,1.7283,71.02,30.08,40.64,,,,,,,,,,C15H31BO2Si,,-0.31068,0.06896,,0.12086,,,,,,,,,,,,,,,1.559422393,,,,,,0.165053,,1.29481,,,,,,,,,,,,,,,,,0.777454374,-0.200845,,-1.13175
sub1_B5,CC(O1)(C)C(C)(C)OB1C([Si](C)(C)C)CC2CCCCC2,OELBPLAWBRAQIF-HNNXBMFYSA-N_conf_0.log,19.07,,45.97,1.1951,70.71,30.06,40.6,,,,,,,,,,C17H35BO2Si,,-0.31417,0.06598,,0.124095,,,,,,,,,,,,,,,1.562648053,,,,,,0.18909,,1.29272,,,,,,,,,,,,,,,,,0.75471995,-0.297921,,-1.13946
sub1_B6,O=P(C)(C)CB1OC(C)(C)C(C)(C)O1,YBEIAWBBRZVSRW-UHFFFAOYSA-N_conf_0.log,21.6,,34.25,3.5754,69.78,33.37,39.22,,,,,,,,,,C9H20BO3P,,-0.30853,0.06098,,0.123775,,,,,,,,,,,,,,,1.564898269,,,,,,0.097264,,1.24981,,,,,,,,,,,,,,,,,0.588105727,-0.197481,,-1.21516
sub1_B7,O=P(OCC)(OCC)CB1OC(C)(C)C(C)(C)O1,NFTFSMFVSLQJJQ-UHFFFAOYSA-N_conf_0.log,19.22,,30.85,4.7666,70.5,32.38,38.04,,,,,,,,,,C11H24BO5P,,-0.33822,0.07351,,0.132355,,,,,,,,,,,,,,,1.575086009,,,,,,0.162614,,1.25598,,,,,,,,,,,,,,,,,0.566944619,-0.260945,,-1.22492
sub1_B8,O=P(C)(C)C(C)B1OC(C)(C)C(C)(C)O1,sub1_B8_conf_0.log,23.05,,37,4.3642,70.53,31.81,39.33,,,,,,,,,,C10H22BO3P,,-0.30568,0.05957,,0.123055,,,,,,,,,,,,,,,1.567882964,,,,,,0.146561,,1.27762,,,,,,,,,,,,,,,,,0.707284456,-0.299078,,-1.00818
sub1_B9,O=P(OCC)(OCC)C(C)B1OC(C)(C)C(C)(C)O1,sub1_B9_conf_0.log,17.8,,32.94,4.1671,71.52,30.22,37.76,,,,,,,,,,C12H26BO5P,,-0.33432,0.06662,,0.13385,,,,,,,,,,,,,,,1.581712711,,,,,,0.194974,,1.28475,,,,,,,,,,,,,,,,,0.722938955,-0.385744,,-1.02886
sub1_B10,CC1(C)C(C)(C)OB(C(SC2=CC=CC=C2)CC3=CC=CC=C3)O1,sub1_B10_conf_0.log,26.81,,38.31,1.1054,71.25,31.66,38.02,,,,,,,,,,C20H25BO2S,,-0.26738,0.01082,,0.12828,,,,,,,,,,,,,,,1.579050605,,,,,,0.242251,,1.29492,,,,,,,,,,,,,,,,,0.74189742,-0.306752,,-0.73008
sub1_B11,CC1(C)C(C)(C)OB(C(SCC)CC2=CC=CC=C2)O1,sub1_B11_conf_0.log,24.57,,42.05,1.6666,71.32,31.77,38.06,,,,,,,,,,C16H25BO2S,,-0.26402,0.02353,,0.120245,,,,,,,,,,,,,,,1.576604475,,,,,,0.243019,,1.29504,,,,,,,,,,,,,,,,,0.727973568,-0.298231,,-0.74193
sub1_B12,CC(B1OC(C)(C)C(C)(C)O1)SC2=CC=CC=C2,sub1_B12_conf_0.log,19.5,,39.33,1.8097,70.96,30.74,38.31,,,,,,,,,,C14H21BO2S,,-0.25084,0.02735,,0.111745,,,,,,,,,,,,,,,1.580299113,,,,,,0.238244,,1.27937,,,,,,,,,,,,,,,,,0.690371303,-0.324158,,-0.75108
sub1_B13,CC(B1OC(C)(C)C(C)(C)O1)SCC,sub1_B13_conf_0.log,25.86,,43.64,2.5442,70.59,30.66,38.58,,,,,,,,,,C10H21BO2S,,-0.26186,0.0655,,0.09818,,,,,,,,,,,,,,,1.578229366,,,,,,0.224436,,1.27361,,,,,,,,,,,,,,,,,0.670154185,-0.292303,,-0.7331
sub1_B14,CC(B1OC(C)(C)C(C)(C)O1)C#N,sub1_B14_conf_0.log,16.39,,26.47,4.9769,70.9,28.43,37.46,,,,,,,,,,C9H16BNO2,,-0.35052,0.05245,,0.149035,,,,,,,,,,,,,,,1.588059338,,,,,,0.196966,,1.28222,,,,,,,,,,,,,,,,,0.609188169,-0.106652,,-0.71555
sub1_B15,CC1(C)C(C)(C)OB(C(C#N)CC2=CC=CC=C2)O1,sub1_B15_conf_0.log,17.02,,24.89,3.5501,71.16,28.86,37.67,,,,,,,,,,C15H20BNO2,,-0.29726,0.02696,,0.13515,,,,,,,,,,,,,,,1.5866915,,,,,,0.210048,,1.28507,,,,,,,,,,,,,,,,,0.661658276,-0.086845,,-0.71804
sub1_B16,CC(B1OC(C)(C)C(C)(C)O1)[N+]#[C-],sub1_B16_conf_0.log,22.3,,34.01,4.0894,70.15,30.17,37.53,,,,,,,,,,C9H16BNO2,,-0.34654,0.06106,,0.14274,,,,,,,,,,,,,,,1.585801221,,,,,,0.174733,,1.26216,,,,,,,,,,,,,,,,,0.603524229,-0.007338,,-0.42283
sub1_B17,[C-]#[N+]C(B1OC(C)(C)C(C)(C)O1)CC2=CC=CC=C2,sub1_B17_conf_0.log,13.25,,32.39,3.9608,70.67,30.85,37.22,,,,,,,,,,C15H20BNO2,,-0.30424,0.01692,,0.14366,,,,,,,,,,,,,,,1.588007113,,,,,,0.177869,,1.27992,,,,,,,,,,,,,,,,,0.655129012,0.020746,,-0.41726
sub1_B18,CC1(C)C(C)(C)OB(CP(C2=CC=CC=C2)C3=CC=CC=C3)O1,sub1_B18_conf_0.log,21.35,,36.82,0.9963,70.4,33.06,38.76,,,,,,,,,,C19H24BO2P,,-0.26154,0.00765,,0.126945,,,,,,,,,,,,,,,1.570233637,,,,,,0.165675,,1.27065,,,,,,,,,,,,,,,,,0.627281309,-0.252662,,-1.14368
sub1_B19,CC(B1OC(C)(C)C(C)(C)O1)P(C2=CC=CC=C2)C3=CC=CC=C3,sub1_B19_conf_0.log,19.45,,38.9,1.6208,70.82,31.1,39.01,,,,,,,,,,C20H26BO2P,,-0.26649,0.00654,,0.129975,,,,,,,,,,,,,,,1.572317439,,,,,,0.201796,,1.29428,,,,,,,,,,,,,,,,,0.730726872,-0.287683,,-0.91757
sub1_B20,CC(B1OC(C)(C)C(C)(C)O1)N(C)C,sub1_B20_conf_0.log,33.92,,51.87,1.5247,69.85,29.76,39.3,,,,,,,,,,C10H22BNO2,,-0.25229,0.07139,,0.09045,,,,,,,,,,,,,,,1.579906821,,,,,,0.155729,,1.28066,,,,,,,,,,,,,,,,,0.696900566,-0.032956,,-0.42417
sub1_B21,CC(B1OC(C)(C)C(C)(C)O1)N(C2=CC=CC=C2)C,sub1_B21_conf_0.log,24.8,,48.07,2.1573,70.4,31.26,38.34,,,,,,,,,,C15H24BNO2,,-0.22987,0.03651,,0.09668,,,,,,,,,,,,,,,1.586183174,,,,,,0.165944,,1.28393,,,,,,,,,,,,,,,,,0.710509755,-0.067847,,-0.41617
sub1_B22,CC(B1OC(C)(C)C(C)(C)O1)N(CC2=CC=CC=C2)C,sub1_B22_conf_0.log,34.68,,52.09,1.7167,69.15,31.78,39.53,,,,,,,,,,C16H26BNO2,,-0.25564,0.03342,,0.11111,,,,,,,,,,,,,,,1.585980504,,,,,,0.133042,,1.27195,,,,,,,,,,,,,,,,,0.737649465,-0.035596,,-0.43115
sub1_B23,CC1(C)C(C)(C)OB(COC)O1,sub1_B23_conf_0.log,34.9,,48.43,1.2692,68.24,32.61,38.76,,,,,,,,,,C8H17BO3,,-0.31592,0.07725,,0.119335,,,,,,,,,,,,,,,1.574656957,,,,,,0.119543,,1.22101,,,,,,,,,,,,,,,,,0.519351794,0.136936,,-0.43008
sub1_B24,CC(B1OC(C)(C)C(C)(C)O1)OC,sub1_B24_conf_0.log,38.78,,52.39,1.4804,69.03,30.5,38.81,,,,,,,,,,C9H19BO3,,-0.31191,0.07504,,0.118435,,,,,,,,,,,,,,,1.579878896,,,,,,0.144625,,1.25228,,,,,,,,,,,,,,,,,0.637743864,0.07967,,-0.24981
sub1_B25,CC1(C)C(C)(C)OB(C(CC2=CC=CC=C2)OC)O1,sub1_B25_conf_0.log,31.94,,49.35,0.6339,69.45,30.49,38.23,,,,,,,,,,C15H23BO3,,-0.28892,0.02723,,0.130845,,,,,,,,,,,,,,,1.586349719,,,,,,0.16001,,1.27592,,,,,,,,,,,,,,,,,0.692731278,0.129343,,-0.23365
sub1_B27,CCCCCCCC(B1OC(C)(C)C(C)(C)O1)CC,sub1_B27_conf_1.log,30.29,,54.44,2.148,70.05,28.35,39.96,,,,,,,,,,C11H23BO2,,-0.33556,0.07347,,0.131045,,,,,,,,,,,,,,,1.57385173,,,,,,0.14494,,1.29966,,,,,,,,,,,,,,,,,0.707913782,-0.143182,,-0.65376
sub1_B28,CCCCCCCC(B1OC(C)(C)C(C)(C)O1)C(C)C,sub1_B28_conf_1.log,32.34,,55.2,2.5009,70.41,28.33,40.03,,,,,,,,,,C12H25BO2,,-0.33304,0.07311,,0.129965,,,,,,,,,,,,,,,1.574041575,,,,,,0.146999,,1.31065,,,,,,,,,,,,,,,,,0.746066709,-0.103814,,-0.65782
sub1_B29,CCCCCCCC(B1OC(C)(C)C(C)(C)O1)C(C)(C)C,sub1_B29_conf_1.log,29.43,,55.27,2.2676,70.88,28.76,40.07,,,,,,,,,,C13H27BO2,,-0.33413,0.07293,,0.1306,,,,,,,,,,,,,,,1.579054752,,,,,,0.118581,,1.32765,,,,,,,,,,,,,,,,,0.782488987,-0.038277,,-0.66477
sub1_B30,CCCCCCCC(C)(B1OC(C)(C)C(C)(C)O1)C,sub1_B30_conf_1.log,32.88,,53.1,2.2709,71.14,26.48,39.68,,,,,,,,,,C11H23BO2,,-0.33147,0.07172,,0.129875,,,,,,,,,,,,,,,1.575514028,,,,,,0.207319,,1.33203,,,,,,,,,,,,,,,,,0.780601007,-0.316993,,-0.47045
sub1_B31,CCCCCCCC(CC)(B1OC(C)(C)C(C)(C)O1)CC,sub1_B31_conf_1.log,25.44,,53.34,2.5065,71.37,26.54,40.11,,,,,,,,,,C13H27BO2,,-0.32612,0.072,,0.12706,,,,,,,,,,,,,,,1.58339615,,,,,,0.22881,,1.34801,,,,,,,,,,,,,,,,,0.846994965,-0.277751,,-0.47255
sub1_B32,CCCCCCCC(C(C)C)(B1OC(C)(C)C(C)(C)O1)C(C)C,sub1_B32_conf_1.log,29.23,,56.6,2.5291,72.43,27.14,40.11,,,,,,,,,,C15H31BO2,,-0.3245,0.07187,,0.126315,,,,,,,,,,,,,,,1.588927661,,,,,,0.19625,,1.38497,,,,,,,,,,,,,,,,,0.903713027,-0.209333,,-0.48652
sub1_B33,CC(B1OC(C)(C)C(C)(C)O1)N2CCCC2,sub1_B33_conf_0.log,32.93,,52.8,0.3739,69.81,29.55,39.28,,,,,,,,,,C12H24BNO2,,-0.25305,0.07187,,0.09059,,,,,,,,,,,,,,,1.579491849,,,,,,0.151743,,1.28169,,,,,,,,,,,,,,,,,0.690135305,-0.003849,,-0.41804
sub1_B34,CN1C(B2OC(C)(C)C(C)(C)O2)N(C)C=C1,sub1_B34_conf_0.log,25.73,,48.65,2.312,69.29,33.57,38.49,,,,,,,,,,C11H21BN2O2,,-0.22465,0.05878,,0.082935,,,,,,,,,,,,,,,1.588081274,,,,,,0.02343,,1.26861,,,,,,,,,,,,,,,,,0.694697923,0.270074,,-0.19452
sub1_B35,CC(B1OC(C)(C)C(C)(C)O1)N2CCCCC2,sub1_B35_conf_0.log,30.49,,52.2,0.47,70.22,30.08,39.16,,,,,,,,,,C13H26BNO2,,-0.2499,0.07366,,0.08812,,,,,,,,,,,,,,,1.577131963,,,,,,0.127611,,1.29751,,,,,,,,,,,,,,,,,0.735210824,-0.003951,,-0.42957
sub1_B36,CC(B1OC(C)(C)C(C)(C)O1)N2CCOCC2,sub1_B36_conf_0.log,32.57,,50.66,3.1491,69.91,29.59,38.75,,,,,,,,,,C12H24BNO3,,-0.24475,0.07364,,0.085555,,,,,,,,,,,,,,,1.579647496,,,,,,0.180878,,1.2867,,,,,,,,,,,,,,,,,0.70814978,-0.00209,,-0.40809
sub1_B37,CC(B1OC(C)(C)C(C)(C)O1)S(=O)(C)=O,sub1_B37_conf_0.log,19.72,,27.07,5.5121,71.4,31.42,36.97,,,,,,,,,,C9H19BO4S,,-0.33648,0.05527,,0.140605,,,,,,,,,,,,,,,1.586948498,,,,,,0.200421,,1.26633,,,,,,,,,,,,,,,,,0.696507237,-0.283398,,-0.82647
sub1_B38,CC1(C)C(C)(C)OB(C2CC2)O1,sub1_B38_conf_0.log,32,,49.86,0.5329,69.21,34.14,39.33,,,,,,,,,,C9H17BO2,,-0.33442,0.0782,,0.12811,,,,,,,,,,,,,,,1.547437368,,,,,,0.156033,,1.24267,,,,,,,,,,,,,,,,,0.584251101,-0.154102,,-0.6492
sub1_B39,CC1(C)C(C)(C)OB(C2CCC2)O1,sub1_B39_conf_0.log,36.33,,53.46,0.6942,69.41,31.84,39.71,,,,,,,,,,C10H19BO2,,-0.33299,0.07689,,0.12805,,,,,,,,,,,,,,,1.564337367,,,,,,0.16747,,1.26695,,,,,,,,,,,,,,,,,0.6406545,-0.160165,,-0.64914
sub1_B40,CC1(C)C(C)(C)OB(C2CCCC2)O1,sub1_B40_conf_1.log,35.62,,54.84,2.0945,69.93,29.95,39.83,,,,,,,,,,C11H21BO2,,-0.33497,0.07623,,0.12937,,,,,,,,,,,,,,,1.567083275,,,,,,0.168136,,1.2882,,,,,,,,,,,,,,,,,0.674559471,-0.141705,,-0.65481
sub1_B41,CC1(C)C(C)(C)OB(C2CCCCC2)O1,sub1_B41_conf_0.log,35.82,,55.62,1.5583,70.06,28.4,39.9,,,,,,,,,,C12H23BO2,,-0.33542,0.07204,,0.13169,,,,,,,,,,,,,,,1.574804019,,,,,,0.157314,,1.29347,,,,,,,,,,,,,,,,,0.696428571,-0.165302,,-0.66003
sub1_B42,CC1(C)C(C)(C)OB(C2CCCCCC2)O1,sub1_B42_conf_1.log,35.36,,53.62,2.234,70.31,28.91,39.96,,,,,,,,,,C13H25BO2,,-0.33507,0.07285,,0.13111,,,,,,,,,,,,,,,1.573575817,,,,,,0.170659,,1.30348,,,,,,,,,,,,,,,,,0.715701699,-0.169788,,-0.67023
sub1_B43,CC1(C)C(C)(C)OB(C2N(C(OC(C)(C)C)=O)CCC2)O1,sub1_B43_conf_0.log,38.51,,49.23,2.8865,70.89,32.55,37.71,,,,,,,,,,C15H28BNO4,,-0.28719,0.07968,,0.103755,,,,,,,,,,,,,,,1.582347536,,,,,,0.164499,,1.29671,,,,,,,,,,,,,,,,,0.690921963,0.081835,,-0.4039
sub1_B44,CC1(C)C(C)(C)OB(C2N(C(OC(C)(C)C)=O)CCCC2)O1,sub1_B44_conf_2.log,31.35,,48.66,4.5587,72.95,33.05,33.6,,,,,,,,,,C16H30BNO4,,-0.29291,0.06472,,0.114095,,,,,,,,,,,,,,,1.637659351,,,,,,0.169796,,1.2838,,,,,,,,,,,,,,,,,0.713341724,-0.002331,,-0.3874
sub1_B45,CC(B1OC(C)(C)C(C)(C)O1)[Si](C)(C2=CC=CC=C2)C,sub1_B45_conf_0.log,26.66,,44.86,0.7379,70.81,30.56,40.03,,,,,,,,,,C16H27BO2Si,,-0.29913,0.01725,,0.14094,,,,,,,,,,,,,,,1.562015395,,,,,,0.185341,,1.284,,,,,,,,,,,,,,,,,0.726400252,-0.346224,,-1.1351
sub1_B46,C[Si](C)(C1=CC=CC=C1)C(C)(B2OC(C)(C)C(C)(C)O2)CCC3=CC=CC=C3,sub1_B46_conf_0.log,20.88,,43.47,1.8797,71.65,28.77,40.35,,,,,,,,,,C24H35BO2Si,,-0.28192,0.01615,,0.132885,,,,,,,,,,,,,,,1.567024701,,,,,,0.25443,,1.32938,,,,,,,,,,,,,,,,,0.863829452,-0.464229,,-0.93234
sub1_B47,CC(B1OC(C)(C)C(C)(C)O1)[Si](C(C)(C)C)(C)C,sub1_B47_conf_0.log,22.03,,47.76,1.2341,70.77,30.72,40.32,,,,,,,,,,C14H31BO2Si,,-0.30247,0.07093,,0.11577,,,,,,,,,,,,,,,1.560165045,,,,,,0.155282,,1.28552,,,,,,,,,,,,,,,,,0.74189742,-0.31072,,-1.14569
sub1_B48,CC1(C)C(C)(C)OB(C(C2CCCC2)C3CCCCC3)O1,sub1_B48_conf_0.log,24.55,,55.94,1.4041,71.11,28.79,39.87,,,,,,,,,,C18H33BO2,,-0.32504,0.07586,,0.12459,,,,,,,,,,,,,,,1.577447936,,,,,,0.100367,,1.33441,,,,,,,,,,,,,,,,,0.770531781,0.057713,,-0.65313
sub1_C1,CC(C(C)(C)O1)(C)OB1CB2OC(C)(C)C(C)(C)O2,MQYZGGWWHUGYDR-UHFFFAOYSA-N_conf_0.log,18.73,,35.01,0.244,69.65,28.61,39.82,,,,,,,,,,C13H26B2O4,,-0.33132,0.07437,,0.128475,,,,,,,,,,,,,,,1.564031257,,,,,,0.118523,,1.26165,,,,,,,,,,,,,,,,,0.547592826,-0.100526,,-1.22646
sub1_C2,CC(B1OC(C)(C)C(C)(C)O1)B2OC(C)(C)C(C)(C)O2,JYZYBMYWPQSOCM-UHFFFAOYSA-N_conf_0.log,19.07,,36.95,1.9232,70.33,28.24,39.93,,,,,,,,,,C14H28B2O4,,-0.3284,0.07448,,0.12696,,,,,,,,,,,,,,,1.564500949,,,,,,0.175933,,1.28631,,,,,,,,,,,,,,,,,0.665198238,-0.169655,,-1.03128
sub1_C3,[H]C(B1OC(C)(C)C(C)(C)O1)(B2OC(C)(C)C(C)(C)O2)CC3=CC=CC=C3,LJGGDZUGOBGMDJ-UHFFFAOYSA-N_conf_0.log,19.07,,34.74,0.9361,70.59,27.34,39.92,,,,,,,,,,C20H32B2O4,,-0.2835,0.03654,,0.12348,,,,,,,,,,,,,,,1.567006604,,,,,,0.156432,,1.29169,,,,,,,,,,,,,,,,,0.72057898,-0.115126,,-1.01921
sub1_C4,C=CC(B1OC(C)(C)C(C)(C)O1)B2OC(C)(C)C(C)(C)O2,RKZUUFQCOBRCTL-UHFFFAOYSA-N_conf_0.log,12.47,,23.19,1.5439,70.86,25.42,39.24,,,,,,,,,,C15H28B2O4,,-0.28481,0.06269,,0.11106,,,,,,,,,,,,,,,1.574943159,,,,,,0.190252,,1.30048,,,,,,,,,,,,,,,,,0.679122089,-0.096642,,-1.03687
sub1_C5,CC(C(C)(C)O1)(C)OB1C([Si](C)(C)C)B2OC(C)(C)C(C)(C)O2,IJGSEWTYRWXJFH-UHFFFAOYSA-N_conf_0.log,15.09,,30.96,1.4928,71.27,27.9,40.63,,,,,,,,,,C16H34B2O4Si,,-0.32635,0.06832,,0.129015,,,,,,,,,,,,,,,1.555811341,,,,,,0.16675,,1.28196,,,,,,,,,,,,,,,,,0.746932033,-0.284977,,-1.51963
sub1_C6,CC(B1OC(C)(C)C(C)(C)O1)(B2OC(C)(C)C(C)(C)O2)[Si](C)(C)C,sub1_C6_conf_0.log,17.76,,33.25,1.4721,71.95,26.42,40.77,,,,,,,,,,C17H36B2O4Si,,-0.31107,0.06761,,0.12173,,,,,,,,,,,,,,,1.563828068,,,,,,0.215311,,1.31711,,,,,,,,,,,,,,,,,0.855884204,-0.471572,,-1.32382
sub1_C7,C[Si](C1=CC=CC=C1)(C)C(B2OC(C)(C)C(C)(C)O2)B3OC(C)(C)C(C)(C)O3,sub1_C7_conf_0.log,14.39,,29.62,0.4326,71.21,27.99,40.59,,,,,,,,,,C21H36B2O4Si,,-0.28871,0.02795,,0.13038,,,,,,,,,,,,,,,1.565262501,,,,,,0.165206,,1.30065,,,,,,,,,,,,,,,,,0.75094399,-0.296487,,-1.52919
sub1_C8,CC1(C)OB(C(B2OC(C)(C)C(C)(C)O2)P(C3=CC=CC=C3)C4=CC=CC=C4)OC1(C)C,sub1_C8_conf_0.log,11.69,,25.66,1.6993,71.41,30.51,39.31,,,,,,,,,,C25H35B2O4P,,-0.25186,0.01471,,0.118575,,,,,,,,,,,,,,,1.571954822,,,,,,0.210995,,1.29586,,,,,,,,,,,,,,,,,0.757630585,-0.299888,,-1.32663
sub1_C9,CC1(C)OB(C(CC2=CC=CC=C2)(B3OC(C)(C)C(C)(C)O3)P(C4=CC=CC=C4)C5=CC=CC=C5)OC1(C)C,sub1_C9_conf_0.log,16.5,,24.93,2.0574,72.79,28.09,39.46,,,,,,,,,,C32H41B2O4P,,-0.25186,0.00764,,0.12211,,,,,,,,,,,,,,,1.584126824,,,,,,0.29646,,1.34294,,,,,,,,,,,,,,,,,0.910399622,-0.488871,,-1.12746
sub1_C10,CC1(C)OB(C(B2OC(C)(C)C(C)(C)O2)SC3=CC=CC=C3)OC1(C)C,sub1_C10_conf_0.log,9.07,,23.65,2.2962,71.27,29.87,38.64,,,,,,,,,,C19H30B2O4S,,-0.25303,0.02147,,0.11578,,,,,,,,,,,,,,,1.570891655,,,,,,0.220819,,1.28244,,,,,,,,,,,,,,,,,0.717668345,-0.286005,,-1.12721
sub1_C11,CC1(C)OB(C(B2OC(C)(C)C(C)(C)O2)SCC)OC1(C)C,sub1_C11_conf_0.log,12.44,,27.12,2.3566,71.14,30.32,38.83,,,,,,,,,,C15H30B2O4S,,-0.25029,0.06931,,0.09049,,,,,,,,,,,,,,,1.56764273,,,,,,0.239467,,1.27688,,,,,,,,,,,,,,,,,0.698001888,-0.243759,,-1.12427
sub1_C12,CC(B1OC(C)(C)C(C)(C)O1)(B2OC(C)(C)C(C)(C)O2)SC3=CC=CC=C3,sub1_C12_conf_0.log,8.61,,24.57,1.5029,72.35,28.06,38.47,,,,,,,,,,C20H32B2O4S,,-0.25181,0.02163,,0.11509,,,,,,,,,,,,,,,1.579495597,,,,,,0.289743,,1.31522,,,,,,,,,,,,,,,,,0.819776589,-0.459118,,-0.94305
sub1_C13,CC1(C)OB(C(CC2CC2)(B3OC(C)(C)C(C)(C)O3)SCC)OC1(C)C,sub1_C13_conf_0.log,13.17,,28.09,1.5141,72.36,28.69,39.02,,,,,,,,,,C19H36B2O4S,,-0.25526,0.06958,,0.09284,,,,,,,,,,,,,,,1.574837896,,,,,,0.280091,,1.31057,,,,,,,,,,,,,,,,,0.848096287,-0.420422,,-0.92056
sub1_C14,CCC(B1OC(C)(C)C(C)(C)O1)B2OC(C)(C)C(C)(C)O2,sub1_C14_conf_0.log,15.11,,36.41,0.4893,70.6,27.26,40,,,,,,,,,,C15H30B2O4,,-0.33034,0.07219,,0.129075,,,,,,,,,,,,,,,1.567835057,,,,,,0.150524,,1.29154,,,,,,,,,,,,,,,,,0.702564506,-0.13535,,-1.03461
sub1_C15,CC(C)C(B1OC(C)(C)C(C)(C)O1)B2OC(C)(C)C(C)(C)O2,sub1_C15_conf_0.log,24.17,,36.44,1.1125,70.76,28.66,40.19,,,,,,,,,,C16H32B2O4,,-0.3262,0.0724,,0.1269,,,,,,,,,,,,,,,1.567918096,,,,,,0.152611,,1.29703,,,,,,,,,,,,,,,,,0.742605412,-0.08497,,-1.04761
sub1_C16,CC(C)(C)C(B1OC(C)(C)C(C)(C)O1)B2OC(C)(C)C(C)(C)O2,sub1_C16_conf_0.log,23.26,,37.37,0.5361,71.25,26.56,40.25,,,,,,,,,,C17H34B2O4,,-0.32868,0.06822,,0.13023,,,,,,,,,,,,,,,1.57525047,,,,,,0.12809,,1.31806,,,,,,,,,,,,,,,,,0.782016992,0.006599,,-1.05153
sub1_C17,CC(B1OC(C)(C)C(C)(C)O1)(B2OC(C)(C)C(C)(C)O2)C,sub1_C17_conf_1.log,20.67,,37.34,2.6215,71.15,25.7,40.15,,,,,,,,,,C15H30B2O4,,-0.3269,0.07105,,0.127925,,,,,,,,,,,,,,,1.570430943,,,,,,0.220052,,1.31656,,,,,,,,,,,,,,,,,0.779185022,-0.324734,,-0.84496
sub1_C18,CCC(B1OC(C)(C)C(C)(C)O1)(B2OC(C)(C)C(C)(C)O2)CC,sub1_C18_conf_0.log,21.17,,37.79,0.4142,71.78,24.85,40.22,,,,,,,,,,C17H34B2O4,,-0.32235,0.07225,,0.12505,,,,,,,,,,,,,,,1.575575488,,,,,,0.184447,,1.34392,,,,,,,,,,,,,,,,,0.847938955,-0.287804,,-0.86311
sub1_C19,CC(C)C(B1OC(C)(C)C(C)(C)O1)(B2OC(C)(C)C(C)(C)O2)C(C)C,sub1_C19_conf_0.log,16.9,,38.55,1.3874,72.34,24.45,40.33,,,,,,,,,,C19H38B2O4,,-0.31921,0.06948,,0.124865,,,,,,,,,,,,,,,1.583461158,,,,,,0.217041,,1.36292,,,,,,,,,,,,,,,,,0.910084959,-0.199457,,-0.87424
sub1_C20,CC1(C)OB(C(B2OC(C)(C)C(C)(C)O2)C3=CC=CC=C3)OC1(C)C,sub1_C20_conf_0.log,20.61,,24.4,1.461,70.87,27.16,39.47,,,,,,,,,,C19H30B2O4,,-0.2725,0.0419,,0.1153,,,,,,,,,,,,,,,1.570420761,,,,,,0.164875,,1.2915,,,,,,,,,,,,,,,,,0.715387036,-0.047541,,-1.02351
sub1_C21,CC1(C)OB(C(B2OC(C)(C)C(C)(C)O2)C3=CC=C(C)C=C3)OC1(C)C,sub1_C21_conf_1.log,20.4,,26.37,3.1939,70.83,27.27,39.53,,,,,,,,,,C20H32B2O4,,-0.26322,0.04122,,0.111,,,,,,,,,,,,,,,1.569767907,,,,,,0.164257,,1.29138,,,,,,,,,,,,,,,,,0.714049717,-0.041987,,-1.02362
sub1_C22,CC1(C)OB(C(B2OC(C)(C)C(C)(C)O2)C3=CC=C(C(C)(C)C)C=C3)OC1(C)C,sub1_C22_conf_0.log,14.89,,25.55,1.4785,71.05,25.44,39.07,,,,,,,,,,C23H38B2O4,,-0.26411,0.04122,,0.111445,,,,,,,,,,,,,,,1.57474611,,,,,,0.186036,,1.30819,,,,,,,,,,,,,,,,,0.712712398,-0.040539,,-1.02355
sub1_C23,CC1(C)OB(C(B2OC(C)(C)C(C)(C)O2)C3=CC=C([Si](C)(C)C)C=C3)OC1(C)C,sub1_C23_conf_0.log,17.88,,23.93,1.1695,70.85,27.12,39.38,,,,,,,,,,C22H38B2O4Si,,-0.26939,0.03293,,0.11823,,,,,,,,,,,,,,,1.570168006,,,,,,0.170562,,1.29082,,,,,,,,,,,,,,,,,0.714443046,-0.050804,,-1.02386
sub1_C24,CC1(C)OB(C(B2OC(C)(C)C(C)(C)O2)C3=C(C)C=C(C)C=C3)OC1(C)C,sub1_C24_conf_0.log,7.63,,25.54,0.3536,70.82,29.57,39.79,,,,,,,,,,C21H34B2O4,,-0.2608,0.03971,,0.110545,,,,,,,,,,,,,,,1.564842548,,,,,,0.176372,,1.29063,,,,,,,,,,,,,,,,,0.749134676,-0.008865,,-1.03474
sub1_C25,CC1(C)OB(C(B2OC(C)(C)C(C)(C)O2)C3=C(C)C=C(C)C=C3C)OC1(C)C,sub1_C25_conf_1.log,16.63,,28.92,3.4378,71.32,28.4,39.68,,,,,,,,,,C22H36B2O4,,-0.25759,0.04625,,0.10567,,,,,,,,,,,,,,,1.571884433,,,,,,0.12477,,1.31076,,,,,,,,,,,,,,,,,0.774465072,-0.056234,,-1.05569
sub1_C26,CC1(C)OB(C(B2OC(C)(C)C(C)(C)O2)C3=CC(CCCC4)=C4C=C3)OC1(C)C,sub1_C26_conf_0.log,15.86,,26.16,1.0228,70.8,27.53,39.51,,,,,,,,,,C23H36B2O4,,-0.25997,0.04033,,0.10982,,,,,,,,,,,,,,,1.568397133,,,,,,0.1733,,1.29092,,,,,,,,,,,,,,,,,0.714443046,-0.0383,,-1.02456
sub1_C27,CC1(C)OB(C(B2OC(C)(C)C(C)(C)O2)C3=C(C=CC=C4)C4=CC=C3)OC1(C)C,sub1_C27_conf_0.log,14.15,,22.94,0.3202,71.46,25.28,39.07,,,,,,,,,,C23H32B2O4,,-0.24855,-0.00083,,0.12469,,,,,,,,,,,,,,,1.577597224,,,,,,0.19837,,1.31493,,,,,,,,,,,,,,,,,0.743470736,-0.01546,,-1.03943
sub1_C28,CC1(C)OB(C(B2OC(C)(C)C(C)(C)O2)C3=CC(C=CC=C4)=C4C=C3)OC1(C)C,sub1_C28_conf_0.log,11.83,,22.56,1.3007,70.91,27.44,39.38,,,,,,,,,,C23H32B2O4,,-0.24992,-0.00013,,0.125025,,,,,,,,,,,,,,,1.569943643,,,,,,0.168208,,1.29085,,,,,,,,,,,,,,,,,0.714600378,-0.044378,,-1.02275
sub1_C29,CC1(C)OB(C(B2OC(C)(C)C(C)(C)O2)C3=CC(C)=CC=C3)OC1(C)C,sub1_C29_conf_0.log,16.93,,25,2.0066,71.08,25.48,39.21,,,,,,,,,,C20H32B2O4,,-0.26784,0.04173,,0.113055,,,,,,,,,,,,,,,1.576582646,,,,,,0.18972,,1.31006,,,,,,,,,,,,,,,,,0.712791064,-0.047515,,-1.02376
sub1_C30,CC1(C)OB(C(B2OC(C)(C)C(C)(C)O2)C3=CC=C(OC)C=C3)OC1(C)C,sub1_C30_conf_0.log,19.07,,26.53,1.206,71.04,25.4,39.27,,,,,,,,,,C20H32B2O5,,-0.24847,0.04041,,0.10403,,,,,,,,,,,,,,,1.575736417,,,,,,0.18673,,1.31027,,,,,,,,,,,,,,,,,0.715072373,-0.039638,,-1.02405
sub1_C31,CC1(C)OB(C(B2OC(C)(C)C(C)(C)O2)C3=CC=C(OCC4=CC=CC=C4)C=C3)OC1(C)C,sub1_C31_conf_0.log,20.18,,26.7,2.2881,71.04,25.51,39.27,,,,,,,,,,C26H36B2O5,,-0.25023,0.02432,,0.112955,,,,,,,,,,,,,,,1.575967446,,,,,,0.189238,,1.30968,,,,,,,,,,,,,,,,,0.714600378,-0.043499,,-1.02348
sub1_C32,CC1(C)OB(C(B2OC(C)(C)C(C)(C)O2)C3=CC=C(O[Si](C)(C)C(C)(C)C)C=C3)OC1(C)C,sub1_C32_conf_1.log,18.59,,26.86,3.3953,70.72,28.7,39.64,,,,,,,,,,C25H44B2O5Si,,-0.25239,0.03682,,0.107785,,,,,,,,,,,,,,,1.565772467,,,,,,0.18016,,1.29018,,,,,,,,,,,,,,,,,0.715937697,-0.022711,,-1.02535
sub1_C33,CC1(C)OB(C(B2OC(C)(C)C(C)(C)O2)C3=CC(OC)=CC=C3)OC1(C)C,sub1_C33_conf_0.log,16.33,,23.88,1.6782,71.07,25.5,39.21,,,,,,,,,,C20H32B2O5,,-0.25675,0.04188,,0.107435,,,,,,,,,,,,,,,1.576963169,,,,,,0.191132,,1.31002,,,,,,,,,,,,,,,,,0.71436438,-0.051004,,-1.02252
sub1_C34,CC1(C)OB(C(B2OC(C)(C)C(C)(C)O2)C3=CC(OCC4=CC=CC=C4)=CC=C3)OC1(C)C,sub1_C34_conf_0.log,7.04,,23.25,1.5188,71.1,25.01,39.04,,,,,,,,,,C26H36B2O5,,-0.25847,0.02384,,0.117315,,,,,,,,,,,,,,,1.576280964,,,,,,0.162822,,1.30996,,,,,,,,,,,,,,,,,0.716409692,-0.03063,,-1.02419
sub1_C35,CC1(C)OB(C(B2OC(C)(C)C(C)(C)O2)C3=CC(OC)=C(OC)C=C3)OC1(C)C,sub1_C35_conf_0.log,6.13,,25.55,1.2543,71.09,25.07,39.04,,,,,,,,,,C21H34B2O6,,-0.26134,0.03775,,0.111795,,,,,,,,,,,,,,,1.576268407,,,,,,0.166117,,1.30901,,,,,,,,,,,,,,,,,0.714521712,-0.02964,,-1.02414
sub1_C36,CC1(C)OB(C(B2OC(C)(C)C(C)(C)O2)C3=CC=CO3)OC1(C)C,sub1_C36_conf_0.log,7.09,,22.43,1.7012,71.31,25.98,38.85,,,,,,,,,,C17H28B2O5,,-0.25587,0.06865,,0.09361,,,,,,,,,,,,,,,1.578173164,,,,,,0.187267,,1.30098,,,,,,,,,,,,,,,,,0.693203272,-0.000634,,-1.05385
sub1_C37,CC1(C)OB(C(B2OC(C)(C)C(C)(C)O2)C3=CC=CS3)OC1(C)C,sub1_C37_conf_1.log,8.78,,22.21,3.0124,70.95,28.12,39.09,,,,,,,,,,C17H28B2O4S,,-0.25927,0.03919,,0.11004,,,,,,,,,,,,,,,1.579611937,,,,,,0.186928,,1.30296,,,,,,,,,,,,,,,,,0.706969792,-0.029702,,-1.02936
sub1_C38,CC1(C)OB(C(B2OC(C)(C)C(C)(C)O2)(CC3=CC=CC=C3)C4=CC=CO4)OC1(C)C,sub1_C38_conf_0.log,4.92,,23.1,1.6379,72.2,24.25,39.2,,,,,,,,,,C24H34B2O5,,-0.25946,0.03598,,0.11174,,,,,,,,,,,,,,,1.581556188,,,,,,0.20202,,1.33856,,,,,,,,,,,,,,,,,0.857221523,-0.160225,,-0.86539
sub1_C39,CC1(C)OB(C(B2OC(C)(C)C(C)(C)O2)(CC3=CC=CC=C3)C4=CC=CS4)OC1(C)C,sub1_C39_conf_0.log,5.96,,22.24,2.9028,72.49,28.25,39.37,,,,,,,,,,C24H34B2O4S,,-0.26374,0.02815,,0.117795,,,,,,,,,,,,,,,1.571963513,,,,,,0.232497,,1.33487,,,,,,,,,,,,,,,,,0.866818754,-0.17036,,-0.85544
sub1_C40,CC1(C)OB(C(B2OC(C)(C)C(C)(C)O2)C3=CC=C(C(F)(F)F)C=C3)OC1(C)C,sub1_C40_conf_0.log,16.27,,19.44,3.5247,71.18,25.66,38.74,,,,,,,,,,C20H29B2F3O4,,-0.29044,0.0188,,0.13582,,,,,,,,,,,,,,,1.57717077,,,,,,0.193036,,1.3032,,,,,,,,,,,,,,,,,0.715072373,-0.066469,,-1.0191
sub1_C41,CC1(C)OB(C(B2OC(C)(C)C(C)(C)O2)C3=CC(C(F)(F)F)=CC=C3)OC1(C)C,sub1_C41_conf_0.log,17.43,,20.81,3.2141,71.16,25.7,38.78,,,,,,,,,,C20H29B2F3O4,,-0.28883,0.0171,,0.135865,,,,,,,,,,,,,,,1.576792215,,,,,,0.192503,,1.30298,,,,,,,,,,,,,,,,,0.71342039,-0.062915,,-1.0188
sub1_C42,CC1(C)OB(C(B2OC(C)(C)C(C)(C)O2)C3=CC=NC=C3)OC1(C)C,sub1_C42_conf_0.log,14.65,,18.71,3.0793,71.16,25.15,38.81,,,,,,,,,,C18H29B2NO4,,-0.30149,0.02519,,0.13815,,,,,,,,,,,,,,,1.578586116,,,,,,0.174099,,1.3067,,,,,,,,,,,,,,,,,0.713577722,-0.029465,,-1.02318
sub1_C43,CC1(C)OB(C(B2OC(C)(C)C(C)(C)O2)C3=NC=CC=C3)OC1(C)C,sub1_C43_conf_0.log,14.73,,20.62,1.5093,70.76,25.62,39.21,,,,,,,,,,C18H29B2NO4,,-0.28604,0.02376,,0.13114,,,,,,,,,,,,,,,1.5757416,,,,,,0.1764,,1.30103,,,,,,,,,,,,,,,,,0.704845815,-0.012091,,-1.03987
sub1_C44,CC1(C)OB(C(B2OC(C)(C)C(C)(C)O2)C3=CN(C4=CC=CC=C4)N=C3)OC1(C)C,sub1_C44_conf_0.log,18.43,,25.66,2.7124,71.05,25.68,38.9,,,,,,,,,,C22H32B2N2O4,,-0.25639,0.01416,,0.121115,,,,,,,,,,,,,,,1.575038347,,,,,,0.187015,,1.30328,,,,,,,,,,,,,,,,,0.697136564,-0.012981,,-1.01865
sub1_C45,CC1(C)OB(C(B2OC(C)(C)C(C)(C)O2)C3=CN=C(N4CCOCC4)N=C3)OC1(C)C,sub1_C45_conf_0.log,22.76,,24.93,3.6301,70.87,27.08,39.38,,,,,,,,,,C21H35B2N3O5,,-0.24281,0.01775,,0.11253,,,,,,,,,,,,,,,1.571545397,,,,,,0.162789,,1.289,,,,,,,,,,,,,,,,,0.71098175,-0.038476,,-1.02369
